sample	evo_hist	strainID	target_f
3_p01_A01	anc	HAMBI_0403	0.1
3_p01_A01	anc	HAMBI_1287	0.1
3_p01_A01	anc	HAMBI_1896	0.8
3_p01_A02	anc	HAMBI_0403	0.1
3_p01_A02	anc	HAMBI_1287	0.1
3_p01_A02	anc	HAMBI_1977	0.8
3_p01_A03	anc	HAMBI_0403	0.1
3_p01_A03	anc	HAMBI_1287	0.1
3_p01_A03	evo	HAMBI_1896	0.8
3_p01_A04	anc	HAMBI_0403	0.1
3_p01_A04	anc	HAMBI_1287	0.1
3_p01_A04	evo	HAMBI_1977	0.8
3_p01_A05	anc	HAMBI_0403	0.1
3_p01_A05	anc	HAMBI_1287	0.8
3_p01_A05	anc	HAMBI_1896	0.1
3_p01_A06	anc	HAMBI_0403	0.1
3_p01_A06	anc	HAMBI_1287	0.8
3_p01_A06	anc	HAMBI_1977	0.1
3_p01_A07	anc	HAMBI_0403	0.1
3_p01_A07	anc	HAMBI_1287	0.8
3_p01_A07	evo	HAMBI_1896	0.1
3_p01_A08	anc	HAMBI_0403	0.1
3_p01_A08	anc	HAMBI_1287	0.8
3_p01_A08	evo	HAMBI_1977	0.1
3_p01_A09	anc	HAMBI_0403	0.1
3_p01_A09	anc	HAMBI_1977	0.1
3_p01_A09	anc	HAMBI_1896	0.8
3_p01_A10	anc	HAMBI_0403	0.1
3_p01_A10	anc	HAMBI_1977	0.1
3_p01_A10	evo	HAMBI_1896	0.8
3_p01_A11	anc	HAMBI_0403	0.1
3_p01_A11	anc	HAMBI_1977	0.8
3_p01_A11	anc	HAMBI_1896	0.1
3_p01_A12	anc	HAMBI_0403	0.1
3_p01_A12	anc	HAMBI_1977	0.8
3_p01_A12	evo	HAMBI_1896	0.1
3_p01_C01	anc	HAMBI_0403	0.1
3_p01_C01	evo	HAMBI_1287	0.1
3_p01_C01	anc	HAMBI_1896	0.8
3_p01_C02	anc	HAMBI_0403	0.1
3_p01_C02	evo	HAMBI_1287	0.1
3_p01_C02	anc	HAMBI_1977	0.8
3_p01_C03	anc	HAMBI_0403	0.1
3_p01_C03	evo	HAMBI_1287	0.1
3_p01_C03	evo	HAMBI_1896	0.8
3_p01_C04	anc	HAMBI_0403	0.1
3_p01_C04	evo	HAMBI_1287	0.1
3_p01_C04	evo	HAMBI_1977	0.8
3_p01_C05	anc	HAMBI_0403	0.1
3_p01_C05	evo	HAMBI_1287	0.8
3_p01_C05	anc	HAMBI_1896	0.1
3_p01_C06	anc	HAMBI_0403	0.1
3_p01_C06	evo	HAMBI_1287	0.8
3_p01_C06	anc	HAMBI_1977	0.1
3_p01_C07	anc	HAMBI_0403	0.1
3_p01_C07	evo	HAMBI_1287	0.8
3_p01_C07	evo	HAMBI_1896	0.1
3_p01_C08	anc	HAMBI_0403	0.1
3_p01_C08	evo	HAMBI_1287	0.8
3_p01_C08	evo	HAMBI_1977	0.1
3_p01_C09	anc	HAMBI_0403	0.1
3_p01_C09	evo	HAMBI_1977	0.1
3_p01_C09	anc	HAMBI_1896	0.8
3_p01_C10	anc	HAMBI_0403	0.1
3_p01_C10	evo	HAMBI_1977	0.1
3_p01_C10	evo	HAMBI_1896	0.8
3_p01_C11	anc	HAMBI_0403	0.1
3_p01_C11	evo	HAMBI_1977	0.8
3_p01_C11	anc	HAMBI_1896	0.1
3_p01_C12	anc	HAMBI_0403	0.1
3_p01_C12	evo	HAMBI_1977	0.8
3_p01_C12	evo	HAMBI_1896	0.1
3_p01_E01	anc	HAMBI_0403	0.8
3_p01_E01	anc	HAMBI_1287	0.1
3_p01_E01	anc	HAMBI_1896	0.1
3_p01_E02	anc	HAMBI_0403	0.8
3_p01_E02	anc	HAMBI_1287	0.1
3_p01_E02	anc	HAMBI_1977	0.1
3_p01_E03	anc	HAMBI_0403	0.8
3_p01_E03	anc	HAMBI_1287	0.1
3_p01_E03	evo	HAMBI_1896	0.1
3_p01_E04	anc	HAMBI_0403	0.8
3_p01_E04	anc	HAMBI_1287	0.1
3_p01_E04	evo	HAMBI_1977	0.1
3_p01_E05	anc	HAMBI_0403	0.8
3_p01_E05	anc	HAMBI_1977	0.1
3_p01_E05	anc	HAMBI_1896	0.1
3_p01_E06	anc	HAMBI_0403	0.8
3_p01_E06	anc	HAMBI_1977	0.1
3_p01_E06	evo	HAMBI_1896	0.1
3_p01_E07	anc	HAMBI_0403	0.8
3_p01_E07	evo	HAMBI_1287	0.1
3_p01_E07	anc	HAMBI_1896	0.1
3_p01_E08	anc	HAMBI_0403	0.8
3_p01_E08	evo	HAMBI_1287	0.1
3_p01_E08	anc	HAMBI_1977	0.1
3_p01_E09	anc	HAMBI_0403	0.8
3_p01_E09	evo	HAMBI_1287	0.1
3_p01_E09	evo	HAMBI_1896	0.1
3_p01_E10	anc	HAMBI_0403	0.8
3_p01_E10	evo	HAMBI_1287	0.1
3_p01_E10	evo	HAMBI_1977	0.1
3_p01_E11	anc	HAMBI_0403	0.8
3_p01_E11	evo	HAMBI_1977	0.1
3_p01_E11	anc	HAMBI_1896	0.1
3_p01_E12	anc	HAMBI_0403	0.8
3_p01_E12	evo	HAMBI_1977	0.1
3_p01_E12	evo	HAMBI_1896	0.1
3_p01_G01	anc	HAMBI_1287	0.1
3_p01_G01	anc	HAMBI_1977	0.1
3_p01_G01	anc	HAMBI_1896	0.8
3_p01_G02	anc	HAMBI_1287	0.1
3_p01_G02	anc	HAMBI_1977	0.1
3_p01_G02	evo	HAMBI_1896	0.8
3_p01_G03	anc	HAMBI_1287	0.1
3_p01_G03	anc	HAMBI_1977	0.8
3_p01_G03	anc	HAMBI_1896	0.1
3_p01_G04	anc	HAMBI_1287	0.1
3_p01_G04	anc	HAMBI_1977	0.8
3_p01_G04	evo	HAMBI_1896	0.1
3_p01_G05	anc	HAMBI_1287	0.1
3_p01_G05	evo	HAMBI_1977	0.1
3_p01_G05	anc	HAMBI_1896	0.8
3_p01_G06	anc	HAMBI_1287	0.1
3_p01_G06	evo	HAMBI_1977	0.1
3_p01_G06	evo	HAMBI_1896	0.8
3_p01_G07	anc	HAMBI_1287	0.1
3_p01_G07	evo	HAMBI_1977	0.8
3_p01_G07	anc	HAMBI_1896	0.1
3_p01_G08	anc	HAMBI_1287	0.1
3_p01_G08	evo	HAMBI_1977	0.8
3_p01_G08	evo	HAMBI_1896	0.1
3_p01_G09	anc	HAMBI_1287	0.8
3_p01_G09	anc	HAMBI_1977	0.1
3_p01_G09	anc	HAMBI_1896	0.1
3_p01_G10	anc	HAMBI_1287	0.8
3_p01_G10	anc	HAMBI_1977	0.1
3_p01_G10	evo	HAMBI_1896	0.1
3_p01_G11	anc	HAMBI_1287	0.8
3_p01_G11	evo	HAMBI_1977	0.1
3_p01_G11	anc	HAMBI_1896	0.1
3_p01_G12	anc	HAMBI_1287	0.8
3_p01_G12	evo	HAMBI_1977	0.1
3_p01_G12	evo	HAMBI_1896	0.1
3_p01_B01	evo	HAMBI_0403	0.1
3_p01_B01	anc	HAMBI_1287	0.1
3_p01_B01	anc	HAMBI_1896	0.8
3_p01_B02	evo	HAMBI_0403	0.1
3_p01_B02	anc	HAMBI_1287	0.1
3_p01_B02	anc	HAMBI_1977	0.8
3_p01_B03	evo	HAMBI_0403	0.1
3_p01_B03	anc	HAMBI_1287	0.1
3_p01_B03	evo	HAMBI_1896	0.8
3_p01_B04	evo	HAMBI_0403	0.1
3_p01_B04	anc	HAMBI_1287	0.1
3_p01_B04	evo	HAMBI_1977	0.8
3_p01_B05	evo	HAMBI_0403	0.1
3_p01_B05	anc	HAMBI_1287	0.8
3_p01_B05	anc	HAMBI_1896	0.1
3_p01_B06	evo	HAMBI_0403	0.1
3_p01_B06	anc	HAMBI_1287	0.8
3_p01_B06	anc	HAMBI_1977	0.1
3_p01_B07	evo	HAMBI_0403	0.1
3_p01_B07	anc	HAMBI_1287	0.8
3_p01_B07	evo	HAMBI_1896	0.1
3_p01_B08	evo	HAMBI_0403	0.1
3_p01_B08	anc	HAMBI_1287	0.8
3_p01_B08	evo	HAMBI_1977	0.1
3_p01_B09	evo	HAMBI_0403	0.1
3_p01_B09	anc	HAMBI_1977	0.1
3_p01_B09	anc	HAMBI_1896	0.8
3_p01_B10	evo	HAMBI_0403	0.1
3_p01_B10	anc	HAMBI_1977	0.1
3_p01_B10	evo	HAMBI_1896	0.8
3_p01_B11	evo	HAMBI_0403	0.1
3_p01_B11	anc	HAMBI_1977	0.8
3_p01_B11	anc	HAMBI_1896	0.1
3_p01_B12	evo	HAMBI_0403	0.1
3_p01_B12	anc	HAMBI_1977	0.8
3_p01_B12	evo	HAMBI_1896	0.1
3_p01_D01	evo	HAMBI_0403	0.1
3_p01_D01	evo	HAMBI_1287	0.1
3_p01_D01	anc	HAMBI_1896	0.8
3_p01_D02	evo	HAMBI_0403	0.1
3_p01_D02	evo	HAMBI_1287	0.1
3_p01_D02	anc	HAMBI_1977	0.8
3_p01_D03	evo	HAMBI_0403	0.1
3_p01_D03	evo	HAMBI_1287	0.1
3_p01_D03	evo	HAMBI_1896	0.8
3_p01_D04	evo	HAMBI_0403	0.1
3_p01_D04	evo	HAMBI_1287	0.1
3_p01_D04	evo	HAMBI_1977	0.8
3_p01_D05	evo	HAMBI_0403	0.1
3_p01_D05	evo	HAMBI_1287	0.8
3_p01_D05	anc	HAMBI_1896	0.1
3_p01_D06	evo	HAMBI_0403	0.1
3_p01_D06	evo	HAMBI_1287	0.8
3_p01_D06	anc	HAMBI_1977	0.1
3_p01_D07	evo	HAMBI_0403	0.1
3_p01_D07	evo	HAMBI_1287	0.8
3_p01_D07	evo	HAMBI_1896	0.1
3_p01_D08	evo	HAMBI_0403	0.1
3_p01_D08	evo	HAMBI_1287	0.8
3_p01_D08	evo	HAMBI_1977	0.1
3_p01_D09	evo	HAMBI_0403	0.1
3_p01_D09	evo	HAMBI_1977	0.1
3_p01_D09	anc	HAMBI_1896	0.8
3_p01_D10	evo	HAMBI_0403	0.1
3_p01_D10	evo	HAMBI_1977	0.1
3_p01_D10	evo	HAMBI_1896	0.8
3_p01_D11	evo	HAMBI_0403	0.1
3_p01_D11	evo	HAMBI_1977	0.8
3_p01_D11	anc	HAMBI_1896	0.1
3_p01_D12	evo	HAMBI_0403	0.1
3_p01_D12	evo	HAMBI_1977	0.8
3_p01_D12	evo	HAMBI_1896	0.1
3_p01_F01	evo	HAMBI_0403	0.8
3_p01_F01	anc	HAMBI_1287	0.1
3_p01_F01	anc	HAMBI_1896	0.1
3_p01_F02	evo	HAMBI_0403	0.8
3_p01_F02	anc	HAMBI_1287	0.1
3_p01_F02	anc	HAMBI_1977	0.1
3_p01_F03	evo	HAMBI_0403	0.8
3_p01_F03	anc	HAMBI_1287	0.1
3_p01_F03	evo	HAMBI_1896	0.1
3_p01_F04	evo	HAMBI_0403	0.8
3_p01_F04	anc	HAMBI_1287	0.1
3_p01_F04	evo	HAMBI_1977	0.1
3_p01_F05	evo	HAMBI_0403	0.8
3_p01_F05	anc	HAMBI_1977	0.1
3_p01_F05	anc	HAMBI_1896	0.1
3_p01_F06	evo	HAMBI_0403	0.8
3_p01_F06	anc	HAMBI_1977	0.1
3_p01_F06	evo	HAMBI_1896	0.1
3_p01_F07	evo	HAMBI_0403	0.8
3_p01_F07	evo	HAMBI_1287	0.1
3_p01_F07	anc	HAMBI_1896	0.1
3_p01_F08	evo	HAMBI_0403	0.8
3_p01_F08	evo	HAMBI_1287	0.1
3_p01_F08	anc	HAMBI_1977	0.1
3_p01_F09	evo	HAMBI_0403	0.8
3_p01_F09	evo	HAMBI_1287	0.1
3_p01_F09	evo	HAMBI_1896	0.1
3_p01_F10	evo	HAMBI_0403	0.8
3_p01_F10	evo	HAMBI_1287	0.1
3_p01_F10	evo	HAMBI_1977	0.1
3_p01_F11	evo	HAMBI_0403	0.8
3_p01_F11	evo	HAMBI_1977	0.1
3_p01_F11	anc	HAMBI_1896	0.1
3_p01_F12	evo	HAMBI_0403	0.8
3_p01_F12	evo	HAMBI_1977	0.1
3_p01_F12	evo	HAMBI_1896	0.1
3_p01_H01	evo	HAMBI_1287	0.1
3_p01_H01	anc	HAMBI_1977	0.1
3_p01_H01	anc	HAMBI_1896	0.8
3_p01_H02	evo	HAMBI_1287	0.1
3_p01_H02	anc	HAMBI_1977	0.1
3_p01_H02	evo	HAMBI_1896	0.8
3_p01_H03	evo	HAMBI_1287	0.1
3_p01_H03	anc	HAMBI_1977	0.8
3_p01_H03	anc	HAMBI_1896	0.1
3_p01_H04	evo	HAMBI_1287	0.1
3_p01_H04	anc	HAMBI_1977	0.8
3_p01_H04	evo	HAMBI_1896	0.1
3_p01_H05	evo	HAMBI_1287	0.1
3_p01_H05	evo	HAMBI_1977	0.1
3_p01_H05	anc	HAMBI_1896	0.8
3_p01_H06	evo	HAMBI_1287	0.1
3_p01_H06	evo	HAMBI_1977	0.1
3_p01_H06	evo	HAMBI_1896	0.8
3_p01_H07	evo	HAMBI_1287	0.1
3_p01_H07	evo	HAMBI_1977	0.8
3_p01_H07	anc	HAMBI_1896	0.1
3_p01_H08	evo	HAMBI_1287	0.1
3_p01_H08	evo	HAMBI_1977	0.8
3_p01_H08	evo	HAMBI_1896	0.1
3_p01_H09	evo	HAMBI_1287	0.8
3_p01_H09	anc	HAMBI_1977	0.1
3_p01_H09	anc	HAMBI_1896	0.1
3_p01_H10	evo	HAMBI_1287	0.8
3_p01_H10	anc	HAMBI_1977	0.1
3_p01_H10	evo	HAMBI_1896	0.1
3_p01_H11	evo	HAMBI_1287	0.8
3_p01_H11	evo	HAMBI_1977	0.1
3_p01_H11	anc	HAMBI_1896	0.1
3_p01_H12	evo	HAMBI_1287	0.8
3_p01_H12	evo	HAMBI_1977	0.1
3_p01_H12	evo	HAMBI_1896	0.1
3_p02_A01	anc	HAMBI_0403	0.1
3_p02_A01	anc	HAMBI_1287	0.1
3_p02_A01	anc	HAMBI_1896	0.8
3_p02_A02	anc	HAMBI_0403	0.1
3_p02_A02	anc	HAMBI_1287	0.1
3_p02_A02	anc	HAMBI_1977	0.8
3_p02_A03	anc	HAMBI_0403	0.1
3_p02_A03	anc	HAMBI_1287	0.1
3_p02_A03	evo	HAMBI_1896	0.8
3_p02_A04	anc	HAMBI_0403	0.1
3_p02_A04	anc	HAMBI_1287	0.1
3_p02_A04	evo	HAMBI_1977	0.8
3_p02_A05	anc	HAMBI_0403	0.1
3_p02_A05	anc	HAMBI_1287	0.8
3_p02_A05	anc	HAMBI_1896	0.1
3_p02_A06	anc	HAMBI_0403	0.1
3_p02_A06	anc	HAMBI_1287	0.8
3_p02_A06	anc	HAMBI_1977	0.1
3_p02_A07	anc	HAMBI_0403	0.1
3_p02_A07	anc	HAMBI_1287	0.8
3_p02_A07	evo	HAMBI_1896	0.1
3_p02_A08	anc	HAMBI_0403	0.1
3_p02_A08	anc	HAMBI_1287	0.8
3_p02_A08	evo	HAMBI_1977	0.1
3_p02_A09	anc	HAMBI_0403	0.1
3_p02_A09	anc	HAMBI_1977	0.1
3_p02_A09	anc	HAMBI_1896	0.8
3_p02_A10	anc	HAMBI_0403	0.1
3_p02_A10	anc	HAMBI_1977	0.1
3_p02_A10	evo	HAMBI_1896	0.8
3_p02_A11	anc	HAMBI_0403	0.1
3_p02_A11	anc	HAMBI_1977	0.8
3_p02_A11	anc	HAMBI_1896	0.1
3_p02_A12	anc	HAMBI_0403	0.1
3_p02_A12	anc	HAMBI_1977	0.8
3_p02_A12	evo	HAMBI_1896	0.1
3_p02_C01	anc	HAMBI_0403	0.1
3_p02_C01	evo	HAMBI_1287	0.1
3_p02_C01	anc	HAMBI_1896	0.8
3_p02_C02	anc	HAMBI_0403	0.1
3_p02_C02	evo	HAMBI_1287	0.1
3_p02_C02	anc	HAMBI_1977	0.8
3_p02_C03	anc	HAMBI_0403	0.1
3_p02_C03	evo	HAMBI_1287	0.1
3_p02_C03	evo	HAMBI_1896	0.8
3_p02_C04	anc	HAMBI_0403	0.1
3_p02_C04	evo	HAMBI_1287	0.1
3_p02_C04	evo	HAMBI_1977	0.8
3_p02_C05	anc	HAMBI_0403	0.1
3_p02_C05	evo	HAMBI_1287	0.8
3_p02_C05	anc	HAMBI_1896	0.1
3_p02_C06	anc	HAMBI_0403	0.1
3_p02_C06	evo	HAMBI_1287	0.8
3_p02_C06	anc	HAMBI_1977	0.1
3_p02_C07	anc	HAMBI_0403	0.1
3_p02_C07	evo	HAMBI_1287	0.8
3_p02_C07	evo	HAMBI_1896	0.1
3_p02_C08	anc	HAMBI_0403	0.1
3_p02_C08	evo	HAMBI_1287	0.8
3_p02_C08	evo	HAMBI_1977	0.1
3_p02_C09	anc	HAMBI_0403	0.1
3_p02_C09	evo	HAMBI_1977	0.1
3_p02_C09	anc	HAMBI_1896	0.8
3_p02_C10	anc	HAMBI_0403	0.1
3_p02_C10	evo	HAMBI_1977	0.1
3_p02_C10	evo	HAMBI_1896	0.8
3_p02_C11	anc	HAMBI_0403	0.1
3_p02_C11	evo	HAMBI_1977	0.8
3_p02_C11	anc	HAMBI_1896	0.1
3_p02_C12	anc	HAMBI_0403	0.1
3_p02_C12	evo	HAMBI_1977	0.8
3_p02_C12	evo	HAMBI_1896	0.1
3_p02_E01	anc	HAMBI_0403	0.8
3_p02_E01	anc	HAMBI_1287	0.1
3_p02_E01	anc	HAMBI_1896	0.1
3_p02_E02	anc	HAMBI_0403	0.8
3_p02_E02	anc	HAMBI_1287	0.1
3_p02_E02	anc	HAMBI_1977	0.1
3_p02_E03	anc	HAMBI_0403	0.8
3_p02_E03	anc	HAMBI_1287	0.1
3_p02_E03	evo	HAMBI_1896	0.1
3_p02_E04	anc	HAMBI_0403	0.8
3_p02_E04	anc	HAMBI_1287	0.1
3_p02_E04	evo	HAMBI_1977	0.1
3_p02_E05	anc	HAMBI_0403	0.8
3_p02_E05	anc	HAMBI_1977	0.1
3_p02_E05	anc	HAMBI_1896	0.1
3_p02_E06	anc	HAMBI_0403	0.8
3_p02_E06	anc	HAMBI_1977	0.1
3_p02_E06	evo	HAMBI_1896	0.1
3_p02_E07	anc	HAMBI_0403	0.8
3_p02_E07	evo	HAMBI_1287	0.1
3_p02_E07	anc	HAMBI_1896	0.1
3_p02_E08	anc	HAMBI_0403	0.8
3_p02_E08	evo	HAMBI_1287	0.1
3_p02_E08	anc	HAMBI_1977	0.1
3_p02_E09	anc	HAMBI_0403	0.8
3_p02_E09	evo	HAMBI_1287	0.1
3_p02_E09	evo	HAMBI_1896	0.1
3_p02_E10	anc	HAMBI_0403	0.8
3_p02_E10	evo	HAMBI_1287	0.1
3_p02_E10	evo	HAMBI_1977	0.1
3_p02_E11	anc	HAMBI_0403	0.8
3_p02_E11	evo	HAMBI_1977	0.1
3_p02_E11	anc	HAMBI_1896	0.1
3_p02_E12	anc	HAMBI_0403	0.8
3_p02_E12	evo	HAMBI_1977	0.1
3_p02_E12	evo	HAMBI_1896	0.1
3_p02_G01	anc	HAMBI_1287	0.1
3_p02_G01	anc	HAMBI_1977	0.1
3_p02_G01	anc	HAMBI_1896	0.8
3_p02_G02	anc	HAMBI_1287	0.1
3_p02_G02	anc	HAMBI_1977	0.1
3_p02_G02	evo	HAMBI_1896	0.8
3_p02_G03	anc	HAMBI_1287	0.1
3_p02_G03	anc	HAMBI_1977	0.8
3_p02_G03	anc	HAMBI_1896	0.1
3_p02_G04	anc	HAMBI_1287	0.1
3_p02_G04	anc	HAMBI_1977	0.8
3_p02_G04	evo	HAMBI_1896	0.1
3_p02_G05	anc	HAMBI_1287	0.1
3_p02_G05	evo	HAMBI_1977	0.1
3_p02_G05	anc	HAMBI_1896	0.8
3_p02_G06	anc	HAMBI_1287	0.1
3_p02_G06	evo	HAMBI_1977	0.1
3_p02_G06	evo	HAMBI_1896	0.8
3_p02_G07	anc	HAMBI_1287	0.1
3_p02_G07	evo	HAMBI_1977	0.8
3_p02_G07	anc	HAMBI_1896	0.1
3_p02_G08	anc	HAMBI_1287	0.1
3_p02_G08	evo	HAMBI_1977	0.8
3_p02_G08	evo	HAMBI_1896	0.1
3_p02_G09	anc	HAMBI_1287	0.8
3_p02_G09	anc	HAMBI_1977	0.1
3_p02_G09	anc	HAMBI_1896	0.1
3_p02_G10	anc	HAMBI_1287	0.8
3_p02_G10	anc	HAMBI_1977	0.1
3_p02_G10	evo	HAMBI_1896	0.1
3_p02_G11	anc	HAMBI_1287	0.8
3_p02_G11	evo	HAMBI_1977	0.1
3_p02_G11	anc	HAMBI_1896	0.1
3_p02_G12	anc	HAMBI_1287	0.8
3_p02_G12	evo	HAMBI_1977	0.1
3_p02_G12	evo	HAMBI_1896	0.1
3_p02_B01	evo	HAMBI_0403	0.1
3_p02_B01	anc	HAMBI_1287	0.1
3_p02_B01	anc	HAMBI_1896	0.8
3_p02_B02	evo	HAMBI_0403	0.1
3_p02_B02	anc	HAMBI_1287	0.1
3_p02_B02	anc	HAMBI_1977	0.8
3_p02_B03	evo	HAMBI_0403	0.1
3_p02_B03	anc	HAMBI_1287	0.1
3_p02_B03	evo	HAMBI_1896	0.8
3_p02_B04	evo	HAMBI_0403	0.1
3_p02_B04	anc	HAMBI_1287	0.1
3_p02_B04	evo	HAMBI_1977	0.8
3_p02_B05	evo	HAMBI_0403	0.1
3_p02_B05	anc	HAMBI_1287	0.8
3_p02_B05	anc	HAMBI_1896	0.1
3_p02_B06	evo	HAMBI_0403	0.1
3_p02_B06	anc	HAMBI_1287	0.8
3_p02_B06	anc	HAMBI_1977	0.1
3_p02_B07	evo	HAMBI_0403	0.1
3_p02_B07	anc	HAMBI_1287	0.8
3_p02_B07	evo	HAMBI_1896	0.1
3_p02_B08	evo	HAMBI_0403	0.1
3_p02_B08	anc	HAMBI_1287	0.8
3_p02_B08	evo	HAMBI_1977	0.1
3_p02_B09	evo	HAMBI_0403	0.1
3_p02_B09	anc	HAMBI_1977	0.1
3_p02_B09	anc	HAMBI_1896	0.8
3_p02_B10	evo	HAMBI_0403	0.1
3_p02_B10	anc	HAMBI_1977	0.1
3_p02_B10	evo	HAMBI_1896	0.8
3_p02_B11	evo	HAMBI_0403	0.1
3_p02_B11	anc	HAMBI_1977	0.8
3_p02_B11	anc	HAMBI_1896	0.1
3_p02_B12	evo	HAMBI_0403	0.1
3_p02_B12	anc	HAMBI_1977	0.8
3_p02_B12	evo	HAMBI_1896	0.1
3_p02_D01	evo	HAMBI_0403	0.1
3_p02_D01	evo	HAMBI_1287	0.1
3_p02_D01	anc	HAMBI_1896	0.8
3_p02_D02	evo	HAMBI_0403	0.1
3_p02_D02	evo	HAMBI_1287	0.1
3_p02_D02	anc	HAMBI_1977	0.8
3_p02_D03	evo	HAMBI_0403	0.1
3_p02_D03	evo	HAMBI_1287	0.1
3_p02_D03	evo	HAMBI_1896	0.8
3_p02_D04	evo	HAMBI_0403	0.1
3_p02_D04	evo	HAMBI_1287	0.1
3_p02_D04	evo	HAMBI_1977	0.8
3_p02_D05	evo	HAMBI_0403	0.1
3_p02_D05	evo	HAMBI_1287	0.8
3_p02_D05	anc	HAMBI_1896	0.1
3_p02_D06	evo	HAMBI_0403	0.1
3_p02_D06	evo	HAMBI_1287	0.8
3_p02_D06	anc	HAMBI_1977	0.1
3_p02_D07	evo	HAMBI_0403	0.1
3_p02_D07	evo	HAMBI_1287	0.8
3_p02_D07	evo	HAMBI_1896	0.1
3_p02_D08	evo	HAMBI_0403	0.1
3_p02_D08	evo	HAMBI_1287	0.8
3_p02_D08	evo	HAMBI_1977	0.1
3_p02_D09	evo	HAMBI_0403	0.1
3_p02_D09	evo	HAMBI_1977	0.1
3_p02_D09	anc	HAMBI_1896	0.8
3_p02_D10	evo	HAMBI_0403	0.1
3_p02_D10	evo	HAMBI_1977	0.1
3_p02_D10	evo	HAMBI_1896	0.8
3_p02_D11	evo	HAMBI_0403	0.1
3_p02_D11	evo	HAMBI_1977	0.8
3_p02_D11	anc	HAMBI_1896	0.1
3_p02_D12	evo	HAMBI_0403	0.1
3_p02_D12	evo	HAMBI_1977	0.8
3_p02_D12	evo	HAMBI_1896	0.1
3_p02_F01	evo	HAMBI_0403	0.8
3_p02_F01	anc	HAMBI_1287	0.1
3_p02_F01	anc	HAMBI_1896	0.1
3_p02_F02	evo	HAMBI_0403	0.8
3_p02_F02	anc	HAMBI_1287	0.1
3_p02_F02	anc	HAMBI_1977	0.1
3_p02_F03	evo	HAMBI_0403	0.8
3_p02_F03	anc	HAMBI_1287	0.1
3_p02_F03	evo	HAMBI_1896	0.1
3_p02_F04	evo	HAMBI_0403	0.8
3_p02_F04	anc	HAMBI_1287	0.1
3_p02_F04	evo	HAMBI_1977	0.1
3_p02_F05	evo	HAMBI_0403	0.8
3_p02_F05	anc	HAMBI_1977	0.1
3_p02_F05	anc	HAMBI_1896	0.1
3_p02_F06	evo	HAMBI_0403	0.8
3_p02_F06	anc	HAMBI_1977	0.1
3_p02_F06	evo	HAMBI_1896	0.1
3_p02_F07	evo	HAMBI_0403	0.8
3_p02_F07	evo	HAMBI_1287	0.1
3_p02_F07	anc	HAMBI_1896	0.1
3_p02_F08	evo	HAMBI_0403	0.8
3_p02_F08	evo	HAMBI_1287	0.1
3_p02_F08	anc	HAMBI_1977	0.1
3_p02_F09	evo	HAMBI_0403	0.8
3_p02_F09	evo	HAMBI_1287	0.1
3_p02_F09	evo	HAMBI_1896	0.1
3_p02_F10	evo	HAMBI_0403	0.8
3_p02_F10	evo	HAMBI_1287	0.1
3_p02_F10	evo	HAMBI_1977	0.1
3_p02_F11	evo	HAMBI_0403	0.8
3_p02_F11	evo	HAMBI_1977	0.1
3_p02_F11	anc	HAMBI_1896	0.1
3_p02_F12	evo	HAMBI_0403	0.8
3_p02_F12	evo	HAMBI_1977	0.1
3_p02_F12	evo	HAMBI_1896	0.1
3_p02_H01	evo	HAMBI_1287	0.1
3_p02_H01	anc	HAMBI_1977	0.1
3_p02_H01	anc	HAMBI_1896	0.8
3_p02_H02	evo	HAMBI_1287	0.1
3_p02_H02	anc	HAMBI_1977	0.1
3_p02_H02	evo	HAMBI_1896	0.8
3_p02_H03	evo	HAMBI_1287	0.1
3_p02_H03	anc	HAMBI_1977	0.8
3_p02_H03	anc	HAMBI_1896	0.1
3_p02_H04	evo	HAMBI_1287	0.1
3_p02_H04	anc	HAMBI_1977	0.8
3_p02_H04	evo	HAMBI_1896	0.1
3_p02_H05	evo	HAMBI_1287	0.1
3_p02_H05	evo	HAMBI_1977	0.1
3_p02_H05	anc	HAMBI_1896	0.8
3_p02_H06	evo	HAMBI_1287	0.1
3_p02_H06	evo	HAMBI_1977	0.1
3_p02_H06	evo	HAMBI_1896	0.8
3_p02_H07	evo	HAMBI_1287	0.1
3_p02_H07	evo	HAMBI_1977	0.8
3_p02_H07	anc	HAMBI_1896	0.1
3_p02_H08	evo	HAMBI_1287	0.1
3_p02_H08	evo	HAMBI_1977	0.8
3_p02_H08	evo	HAMBI_1896	0.1
3_p02_H09	evo	HAMBI_1287	0.8
3_p02_H09	anc	HAMBI_1977	0.1
3_p02_H09	anc	HAMBI_1896	0.1
3_p02_H10	evo	HAMBI_1287	0.8
3_p02_H10	anc	HAMBI_1977	0.1
3_p02_H10	evo	HAMBI_1896	0.1
3_p02_H11	evo	HAMBI_1287	0.8
3_p02_H11	evo	HAMBI_1977	0.1
3_p02_H11	anc	HAMBI_1896	0.1
3_p02_H12	evo	HAMBI_1287	0.8
3_p02_H12	evo	HAMBI_1977	0.1
3_p02_H12	evo	HAMBI_1896	0.1
4_p09_A05	anc	HAMBI_0403	0.7
4_p09_A05	anc	HAMBI_1287	0.1
4_p09_A05	anc	HAMBI_1896	0.1
4_p09_A05	anc	HAMBI_1977	0.1
4_p09_A06	anc	HAMBI_0403	0.7
4_p09_A06	anc	HAMBI_1287	0.1
4_p09_A06	anc	HAMBI_1896	0.1
4_p09_A06	evo	HAMBI_1977	0.1
4_p09_A07	anc	HAMBI_0403	0.7
4_p09_A07	anc	HAMBI_1287	0.1
4_p09_A07	evo	HAMBI_1896	0.1
4_p09_A07	anc	HAMBI_1977	0.1
4_p09_A08	anc	HAMBI_0403	0.7
4_p09_A08	anc	HAMBI_1287	0.1
4_p09_A08	evo	HAMBI_1896	0.1
4_p09_A08	evo	HAMBI_1977	0.1
4_p09_A09	anc	HAMBI_0403	0.7
4_p09_A09	evo	HAMBI_1287	0.1
4_p09_A09	anc	HAMBI_1896	0.1
4_p09_A09	anc	HAMBI_1977	0.1
4_p09_A10	anc	HAMBI_0403	0.7
4_p09_A10	evo	HAMBI_1287	0.1
4_p09_A10	anc	HAMBI_1896	0.1
4_p09_A10	evo	HAMBI_1977	0.1
4_p09_A11	anc	HAMBI_0403	0.7
4_p09_A11	evo	HAMBI_1287	0.1
4_p09_A11	evo	HAMBI_1896	0.1
4_p09_A11	anc	HAMBI_1977	0.1
4_p09_A12	anc	HAMBI_0403	0.7
4_p09_A12	evo	HAMBI_1287	0.1
4_p09_A12	evo	HAMBI_1896	0.1
4_p09_A12	evo	HAMBI_1977	0.1
4_p09_B05	evo	HAMBI_0403	0.7
4_p09_B05	anc	HAMBI_1287	0.1
4_p09_B05	anc	HAMBI_1896	0.1
4_p09_B05	anc	HAMBI_1977	0.1
4_p09_B06	evo	HAMBI_0403	0.7
4_p09_B06	anc	HAMBI_1287	0.1
4_p09_B06	anc	HAMBI_1896	0.1
4_p09_B06	evo	HAMBI_1977	0.1
4_p09_B07	evo	HAMBI_0403	0.7
4_p09_B07	anc	HAMBI_1287	0.1
4_p09_B07	evo	HAMBI_1896	0.1
4_p09_B07	anc	HAMBI_1977	0.1
4_p09_B08	evo	HAMBI_0403	0.7
4_p09_B08	anc	HAMBI_1287	0.1
4_p09_B08	evo	HAMBI_1896	0.1
4_p09_B08	evo	HAMBI_1977	0.1
4_p09_B09	evo	HAMBI_0403	0.7
4_p09_B09	evo	HAMBI_1287	0.1
4_p09_B09	anc	HAMBI_1896	0.1
4_p09_B09	anc	HAMBI_1977	0.1
4_p09_B10	evo	HAMBI_0403	0.7
4_p09_B10	evo	HAMBI_1287	0.1
4_p09_B10	anc	HAMBI_1896	0.1
4_p09_B10	evo	HAMBI_1977	0.1
4_p09_B11	evo	HAMBI_0403	0.7
4_p09_B11	evo	HAMBI_1287	0.1
4_p09_B11	evo	HAMBI_1896	0.1
4_p09_B11	anc	HAMBI_1977	0.1
4_p09_B12	evo	HAMBI_0403	0.7
4_p09_B12	evo	HAMBI_1287	0.1
4_p09_B12	evo	HAMBI_1896	0.1
4_p09_B12	evo	HAMBI_1977	0.1
4_p09_C01	anc	HAMBI_0403	0.1
4_p09_C01	evo	HAMBI_1287	0.1
4_p09_C01	anc	HAMBI_1896	0.7
4_p09_C01	anc	HAMBI_1977	0.1
4_p09_C02	anc	HAMBI_0403	0.1
4_p09_C02	evo	HAMBI_1287	0.1
4_p09_C02	anc	HAMBI_1896	0.7
4_p09_C02	evo	HAMBI_1977	0.1
4_p09_C03	anc	HAMBI_0403	0.1
4_p09_C03	evo	HAMBI_1287	0.1
4_p09_C03	evo	HAMBI_1896	0.7
4_p09_C03	anc	HAMBI_1977	0.1
4_p09_C04	anc	HAMBI_0403	0.1
4_p09_C04	evo	HAMBI_1287	0.1
4_p09_C04	evo	HAMBI_1896	0.7
4_p09_C04	evo	HAMBI_1977	0.1
4_p09_C05	anc	HAMBI_0403	0.1
4_p09_C05	anc	HAMBI_1287	0.7
4_p09_C05	anc	HAMBI_1896	0.1
4_p09_C05	anc	HAMBI_1977	0.1
4_p09_C06	anc	HAMBI_0403	0.1
4_p09_C06	anc	HAMBI_1287	0.7
4_p09_C06	anc	HAMBI_1896	0.1
4_p09_C06	evo	HAMBI_1977	0.1
4_p09_C07	anc	HAMBI_0403	0.1
4_p09_C07	anc	HAMBI_1287	0.7
4_p09_C07	evo	HAMBI_1896	0.1
4_p09_C07	anc	HAMBI_1977	0.1
4_p09_C08	anc	HAMBI_0403	0.1
4_p09_C08	anc	HAMBI_1287	0.7
4_p09_C08	evo	HAMBI_1896	0.1
4_p09_C08	evo	HAMBI_1977	0.1
4_p09_C09	anc	HAMBI_0403	0.1
4_p09_C09	evo	HAMBI_1287	0.7
4_p09_C09	anc	HAMBI_1896	0.1
4_p09_C09	anc	HAMBI_1977	0.1
4_p09_C10	anc	HAMBI_0403	0.1
4_p09_C10	evo	HAMBI_1287	0.7
4_p09_C10	anc	HAMBI_1896	0.1
4_p09_C10	evo	HAMBI_1977	0.1
4_p09_C11	anc	HAMBI_0403	0.1
4_p09_C11	evo	HAMBI_1287	0.7
4_p09_C11	evo	HAMBI_1896	0.1
4_p09_C11	anc	HAMBI_1977	0.1
4_p09_C12	anc	HAMBI_0403	0.1
4_p09_C12	evo	HAMBI_1287	0.7
4_p09_C12	evo	HAMBI_1896	0.1
4_p09_C12	evo	HAMBI_1977	0.1
4_p09_D01	evo	HAMBI_0403	0.1
4_p09_D01	evo	HAMBI_1287	0.1
4_p09_D01	anc	HAMBI_1896	0.7
4_p09_D01	anc	HAMBI_1977	0.1
4_p09_D02	evo	HAMBI_0403	0.1
4_p09_D02	evo	HAMBI_1287	0.1
4_p09_D02	anc	HAMBI_1896	0.7
4_p09_D02	evo	HAMBI_1977	0.1
4_p09_D03	evo	HAMBI_0403	0.1
4_p09_D03	evo	HAMBI_1287	0.1
4_p09_D03	evo	HAMBI_1896	0.7
4_p09_D03	anc	HAMBI_1977	0.1
4_p09_D04	evo	HAMBI_0403	0.1
4_p09_D04	evo	HAMBI_1287	0.1
4_p09_D04	evo	HAMBI_1896	0.7
4_p09_D04	evo	HAMBI_1977	0.1
4_p09_D05	evo	HAMBI_0403	0.1
4_p09_D05	anc	HAMBI_1287	0.7
4_p09_D05	anc	HAMBI_1896	0.1
4_p09_D05	anc	HAMBI_1977	0.1
4_p09_D06	evo	HAMBI_0403	0.1
4_p09_D06	anc	HAMBI_1287	0.7
4_p09_D06	anc	HAMBI_1896	0.1
4_p09_D06	evo	HAMBI_1977	0.1
4_p09_D07	evo	HAMBI_0403	0.1
4_p09_D07	anc	HAMBI_1287	0.7
4_p09_D07	evo	HAMBI_1896	0.1
4_p09_D07	anc	HAMBI_1977	0.1
4_p09_D08	evo	HAMBI_0403	0.1
4_p09_D08	anc	HAMBI_1287	0.7
4_p09_D08	evo	HAMBI_1896	0.1
4_p09_D08	evo	HAMBI_1977	0.1
4_p09_D09	evo	HAMBI_0403	0.1
4_p09_D09	evo	HAMBI_1287	0.7
4_p09_D09	anc	HAMBI_1896	0.1
4_p09_D09	anc	HAMBI_1977	0.1
4_p09_D10	evo	HAMBI_0403	0.1
4_p09_D10	evo	HAMBI_1287	0.7
4_p09_D10	anc	HAMBI_1896	0.1
4_p09_D10	evo	HAMBI_1977	0.1
4_p09_D11	evo	HAMBI_0403	0.1
4_p09_D11	evo	HAMBI_1287	0.7
4_p09_D11	evo	HAMBI_1896	0.1
4_p09_D11	anc	HAMBI_1977	0.1
4_p09_D12	evo	HAMBI_0403	0.1
4_p09_D12	evo	HAMBI_1287	0.7
4_p09_D12	evo	HAMBI_1896	0.1
4_p09_D12	evo	HAMBI_1977	0.1
4_p09_E01	anc	HAMBI_0403	0.1
4_p09_E01	anc	HAMBI_1287	0.1
4_p09_E01	anc	HAMBI_1896	0.1
4_p09_E01	anc	HAMBI_1977	0.7
4_p09_E02	anc	HAMBI_0403	0.1
4_p09_E02	anc	HAMBI_1287	0.1
4_p09_E02	anc	HAMBI_1896	0.1
4_p09_E02	evo	HAMBI_1977	0.7
4_p09_E03	anc	HAMBI_0403	0.1
4_p09_E03	anc	HAMBI_1287	0.1
4_p09_E03	evo	HAMBI_1896	0.1
4_p09_E03	anc	HAMBI_1977	0.7
4_p09_E04	anc	HAMBI_0403	0.1
4_p09_E04	anc	HAMBI_1287	0.1
4_p09_E04	evo	HAMBI_1896	0.1
4_p09_E04	evo	HAMBI_1977	0.7
4_p09_E05	anc	HAMBI_0403	0.1
4_p09_E05	anc	HAMBI_1287	0.1
4_p09_E05	anc	HAMBI_1896	0.7
4_p09_E05	anc	HAMBI_1977	0.1
4_p09_E06	anc	HAMBI_0403	0.1
4_p09_E06	anc	HAMBI_1287	0.1
4_p09_E06	anc	HAMBI_1896	0.7
4_p09_E06	evo	HAMBI_1977	0.1
4_p09_E07	anc	HAMBI_0403	0.1
4_p09_E07	anc	HAMBI_1287	0.1
4_p09_E07	evo	HAMBI_1896	0.7
4_p09_E07	anc	HAMBI_1977	0.1
4_p09_E08	anc	HAMBI_0403	0.1
4_p09_E08	anc	HAMBI_1287	0.1
4_p09_E08	evo	HAMBI_1896	0.7
4_p09_E08	evo	HAMBI_1977	0.1
4_p09_E09	anc	HAMBI_0403	0.1
4_p09_E09	evo	HAMBI_1287	0.1
4_p09_E09	anc	HAMBI_1896	0.1
4_p09_E09	anc	HAMBI_1977	0.7
4_p09_E10	anc	HAMBI_0403	0.1
4_p09_E10	evo	HAMBI_1287	0.1
4_p09_E10	anc	HAMBI_1896	0.1
4_p09_E10	evo	HAMBI_1977	0.7
4_p09_E11	anc	HAMBI_0403	0.1
4_p09_E11	evo	HAMBI_1287	0.1
4_p09_E11	evo	HAMBI_1896	0.1
4_p09_E11	anc	HAMBI_1977	0.7
4_p09_E12	anc	HAMBI_0403	0.1
4_p09_E12	evo	HAMBI_1287	0.1
4_p09_E12	evo	HAMBI_1896	0.1
4_p09_E12	evo	HAMBI_1977	0.7
4_p09_F01	evo	HAMBI_0403	0.1
4_p09_F01	anc	HAMBI_1287	0.1
4_p09_F01	anc	HAMBI_1896	0.1
4_p09_F01	anc	HAMBI_1977	0.7
4_p09_F02	evo	HAMBI_0403	0.1
4_p09_F02	anc	HAMBI_1287	0.1
4_p09_F02	anc	HAMBI_1896	0.1
4_p09_F02	evo	HAMBI_1977	0.7
4_p09_F03	evo	HAMBI_0403	0.1
4_p09_F03	anc	HAMBI_1287	0.1
4_p09_F03	evo	HAMBI_1896	0.1
4_p09_F03	anc	HAMBI_1977	0.7
4_p09_F04	evo	HAMBI_0403	0.1
4_p09_F04	anc	HAMBI_1287	0.1
4_p09_F04	evo	HAMBI_1896	0.1
4_p09_F04	evo	HAMBI_1977	0.7
4_p09_F05	evo	HAMBI_0403	0.1
4_p09_F05	anc	HAMBI_1287	0.1
4_p09_F05	anc	HAMBI_1896	0.7
4_p09_F05	anc	HAMBI_1977	0.1
4_p09_F06	evo	HAMBI_0403	0.1
4_p09_F06	anc	HAMBI_1287	0.1
4_p09_F06	anc	HAMBI_1896	0.7
4_p09_F06	evo	HAMBI_1977	0.1
4_p09_F07	evo	HAMBI_0403	0.1
4_p09_F07	anc	HAMBI_1287	0.1
4_p09_F07	evo	HAMBI_1896	0.7
4_p09_F07	anc	HAMBI_1977	0.1
4_p09_F08	evo	HAMBI_0403	0.1
4_p09_F08	anc	HAMBI_1287	0.1
4_p09_F08	evo	HAMBI_1896	0.7
4_p09_F08	evo	HAMBI_1977	0.1
4_p09_F09	evo	HAMBI_0403	0.1
4_p09_F09	evo	HAMBI_1287	0.1
4_p09_F09	anc	HAMBI_1896	0.1
4_p09_F09	anc	HAMBI_1977	0.7
4_p09_F10	evo	HAMBI_0403	0.1
4_p09_F10	evo	HAMBI_1287	0.1
4_p09_F10	anc	HAMBI_1896	0.1
4_p09_F10	evo	HAMBI_1977	0.7
4_p09_F11	evo	HAMBI_0403	0.1
4_p09_F11	evo	HAMBI_1287	0.1
4_p09_F11	evo	HAMBI_1896	0.1
4_p09_F11	anc	HAMBI_1977	0.7
4_p09_F12	evo	HAMBI_0403	0.1
4_p09_F12	evo	HAMBI_1287	0.1
4_p09_F12	evo	HAMBI_1896	0.1
4_p09_F12	evo	HAMBI_1977	0.7
4_p09_H01	anc	HAMBI_0403	0.9
4_p09_H01	evo	HAMBI_1287	0.1
4_p09_H02	anc	HAMBI_0403	0.9
4_p09_H02	evo	HAMBI_1287	0.1
4_p09_H03	evo	HAMBI_0403	0.9
4_p09_H03	anc	HAMBI_1977	0.1
4_p09_H04	evo	HAMBI_0403	0.9
4_p09_H04	anc	HAMBI_1977	0.1
4_p09_H05	evo	HAMBI_1287	0.9
4_p09_H05	anc	HAMBI_1896	0.1
4_p09_H06	evo	HAMBI_1287	0.9
4_p09_H06	anc	HAMBI_1896	0.1
4_p09_H07	evo	HAMBI_1287	0.9
4_p09_H07	evo	HAMBI_1896	0.1
4_p09_H08	evo	HAMBI_1287	0.9
4_p09_H08	evo	HAMBI_1896	0.1
4_p09_H09	evo	HAMBI_1287	0.1
4_p09_H09	anc	HAMBI_1896	0.9
4_p09_H10	evo	HAMBI_1287	0.1
4_p09_H10	anc	HAMBI_1896	0.9
4_p09_H11	evo	HAMBI_1287	0.1
4_p09_H11	evo	HAMBI_1896	0.9
4_p09_H12	evo	HAMBI_1287	0.1
4_p09_H12	evo	HAMBI_1896	0.9
4_p10_A05	anc	HAMBI_0403	0.7
4_p10_A05	anc	HAMBI_1287	0.1
4_p10_A05	anc	HAMBI_1896	0.1
4_p10_A05	anc	HAMBI_1977	0.1
4_p10_A06	anc	HAMBI_0403	0.7
4_p10_A06	anc	HAMBI_1287	0.1
4_p10_A06	anc	HAMBI_1896	0.1
4_p10_A06	evo	HAMBI_1977	0.1
4_p10_A07	anc	HAMBI_0403	0.7
4_p10_A07	anc	HAMBI_1287	0.1
4_p10_A07	evo	HAMBI_1896	0.1
4_p10_A07	anc	HAMBI_1977	0.1
4_p10_A08	anc	HAMBI_0403	0.7
4_p10_A08	anc	HAMBI_1287	0.1
4_p10_A08	evo	HAMBI_1896	0.1
4_p10_A08	evo	HAMBI_1977	0.1
4_p10_A09	anc	HAMBI_0403	0.7
4_p10_A09	evo	HAMBI_1287	0.1
4_p10_A09	anc	HAMBI_1896	0.1
4_p10_A09	anc	HAMBI_1977	0.1
4_p10_A10	anc	HAMBI_0403	0.7
4_p10_A10	evo	HAMBI_1287	0.1
4_p10_A10	anc	HAMBI_1896	0.1
4_p10_A10	evo	HAMBI_1977	0.1
4_p10_A11	anc	HAMBI_0403	0.7
4_p10_A11	evo	HAMBI_1287	0.1
4_p10_A11	evo	HAMBI_1896	0.1
4_p10_A11	anc	HAMBI_1977	0.1
4_p10_A12	anc	HAMBI_0403	0.7
4_p10_A12	evo	HAMBI_1287	0.1
4_p10_A12	evo	HAMBI_1896	0.1
4_p10_A12	evo	HAMBI_1977	0.1
4_p10_B01			
4_p10_B01			
4_p10_B01			
4_p10_B01			
4_p10_B02			
4_p10_B02			
4_p10_B02			
4_p10_B02			
4_p10_B03			
4_p10_B03			
4_p10_B03			
4_p10_B03			
4_p10_B04			
4_p10_B04			
4_p10_B04			
4_p10_B04			
4_p10_B05	evo	HAMBI_0403	0.7
4_p10_B05	anc	HAMBI_1287	0.1
4_p10_B05	anc	HAMBI_1896	0.1
4_p10_B05	anc	HAMBI_1977	0.1
4_p10_B06	evo	HAMBI_0403	0.7
4_p10_B06	anc	HAMBI_1287	0.1
4_p10_B06	anc	HAMBI_1896	0.1
4_p10_B06	evo	HAMBI_1977	0.1
4_p10_B07	evo	HAMBI_0403	0.7
4_p10_B07	anc	HAMBI_1287	0.1
4_p10_B07	evo	HAMBI_1896	0.1
4_p10_B07	anc	HAMBI_1977	0.1
4_p10_B08	evo	HAMBI_0403	0.7
4_p10_B08	anc	HAMBI_1287	0.1
4_p10_B08	evo	HAMBI_1896	0.1
4_p10_B08	evo	HAMBI_1977	0.1
4_p10_B09	evo	HAMBI_0403	0.7
4_p10_B09	evo	HAMBI_1287	0.1
4_p10_B09	anc	HAMBI_1896	0.1
4_p10_B09	anc	HAMBI_1977	0.1
4_p10_B10	evo	HAMBI_0403	0.7
4_p10_B10	evo	HAMBI_1287	0.1
4_p10_B10	anc	HAMBI_1896	0.1
4_p10_B10	evo	HAMBI_1977	0.1
4_p10_B11	evo	HAMBI_0403	0.7
4_p10_B11	evo	HAMBI_1287	0.1
4_p10_B11	evo	HAMBI_1896	0.1
4_p10_B11	anc	HAMBI_1977	0.1
4_p10_B12	evo	HAMBI_0403	0.7
4_p10_B12	evo	HAMBI_1287	0.1
4_p10_B12	evo	HAMBI_1896	0.1
4_p10_B12	evo	HAMBI_1977	0.1
4_p10_C01	anc	HAMBI_0403	0.1
4_p10_C01	evo	HAMBI_1287	0.1
4_p10_C01	anc	HAMBI_1896	0.7
4_p10_C01	anc	HAMBI_1977	0.1
4_p10_C02	anc	HAMBI_0403	0.1
4_p10_C02	evo	HAMBI_1287	0.1
4_p10_C02	anc	HAMBI_1896	0.7
4_p10_C02	evo	HAMBI_1977	0.1
4_p10_C03	anc	HAMBI_0403	0.1
4_p10_C03	evo	HAMBI_1287	0.1
4_p10_C03	evo	HAMBI_1896	0.7
4_p10_C03	anc	HAMBI_1977	0.1
4_p10_C04	anc	HAMBI_0403	0.1
4_p10_C04	evo	HAMBI_1287	0.1
4_p10_C04	evo	HAMBI_1896	0.7
4_p10_C04	evo	HAMBI_1977	0.1
4_p10_C05	anc	HAMBI_0403	0.1
4_p10_C05	anc	HAMBI_1287	0.7
4_p10_C05	anc	HAMBI_1896	0.1
4_p10_C05	anc	HAMBI_1977	0.1
4_p10_C06	anc	HAMBI_0403	0.1
4_p10_C06	anc	HAMBI_1287	0.7
4_p10_C06	anc	HAMBI_1896	0.1
4_p10_C06	evo	HAMBI_1977	0.1
4_p10_C07	anc	HAMBI_0403	0.1
4_p10_C07	anc	HAMBI_1287	0.7
4_p10_C07	evo	HAMBI_1896	0.1
4_p10_C07	anc	HAMBI_1977	0.1
4_p10_C08	anc	HAMBI_0403	0.1
4_p10_C08	anc	HAMBI_1287	0.7
4_p10_C08	evo	HAMBI_1896	0.1
4_p10_C08	evo	HAMBI_1977	0.1
4_p10_C09	anc	HAMBI_0403	0.1
4_p10_C09	evo	HAMBI_1287	0.7
4_p10_C09	anc	HAMBI_1896	0.1
4_p10_C09	anc	HAMBI_1977	0.1
4_p10_C10	anc	HAMBI_0403	0.1
4_p10_C10	evo	HAMBI_1287	0.7
4_p10_C10	anc	HAMBI_1896	0.1
4_p10_C10	evo	HAMBI_1977	0.1
4_p10_C11	anc	HAMBI_0403	0.1
4_p10_C11	evo	HAMBI_1287	0.7
4_p10_C11	evo	HAMBI_1896	0.1
4_p10_C11	anc	HAMBI_1977	0.1
4_p10_C12	anc	HAMBI_0403	0.1
4_p10_C12	evo	HAMBI_1287	0.7
4_p10_C12	evo	HAMBI_1896	0.1
4_p10_C12	evo	HAMBI_1977	0.1
4_p10_D01	evo	HAMBI_0403	0.1
4_p10_D01	evo	HAMBI_1287	0.1
4_p10_D01	anc	HAMBI_1896	0.7
4_p10_D01	anc	HAMBI_1977	0.1
4_p10_D02	evo	HAMBI_0403	0.1
4_p10_D02	evo	HAMBI_1287	0.1
4_p10_D02	anc	HAMBI_1896	0.7
4_p10_D02	evo	HAMBI_1977	0.1
4_p10_D03	evo	HAMBI_0403	0.1
4_p10_D03	evo	HAMBI_1287	0.1
4_p10_D03	evo	HAMBI_1896	0.7
4_p10_D03	anc	HAMBI_1977	0.1
4_p10_D04	evo	HAMBI_0403	0.1
4_p10_D04	evo	HAMBI_1287	0.1
4_p10_D04	evo	HAMBI_1896	0.7
4_p10_D04	evo	HAMBI_1977	0.1
4_p10_D05	evo	HAMBI_0403	0.1
4_p10_D05	anc	HAMBI_1287	0.7
4_p10_D05	anc	HAMBI_1896	0.1
4_p10_D05	anc	HAMBI_1977	0.1
4_p10_D06	evo	HAMBI_0403	0.1
4_p10_D06	anc	HAMBI_1287	0.7
4_p10_D06	anc	HAMBI_1896	0.1
4_p10_D06	evo	HAMBI_1977	0.1
4_p10_D07	evo	HAMBI_0403	0.1
4_p10_D07	anc	HAMBI_1287	0.7
4_p10_D07	evo	HAMBI_1896	0.1
4_p10_D07	anc	HAMBI_1977	0.1
4_p10_D08	evo	HAMBI_0403	0.1
4_p10_D08	anc	HAMBI_1287	0.7
4_p10_D08	evo	HAMBI_1896	0.1
4_p10_D08	evo	HAMBI_1977	0.1
4_p10_D09	evo	HAMBI_0403	0.1
4_p10_D09	evo	HAMBI_1287	0.7
4_p10_D09	anc	HAMBI_1896	0.1
4_p10_D09	anc	HAMBI_1977	0.1
4_p10_D10	evo	HAMBI_0403	0.1
4_p10_D10	evo	HAMBI_1287	0.7
4_p10_D10	anc	HAMBI_1896	0.1
4_p10_D10	evo	HAMBI_1977	0.1
4_p10_D11	evo	HAMBI_0403	0.1
4_p10_D11	evo	HAMBI_1287	0.7
4_p10_D11	evo	HAMBI_1896	0.1
4_p10_D11	anc	HAMBI_1977	0.1
4_p10_D12	evo	HAMBI_0403	0.1
4_p10_D12	evo	HAMBI_1287	0.7
4_p10_D12	evo	HAMBI_1896	0.1
4_p10_D12	evo	HAMBI_1977	0.1
4_p10_E01	anc	HAMBI_0403	0.1
4_p10_E01	anc	HAMBI_1287	0.1
4_p10_E01	anc	HAMBI_1896	0.1
4_p10_E01	anc	HAMBI_1977	0.7
4_p10_E02	anc	HAMBI_0403	0.1
4_p10_E02	anc	HAMBI_1287	0.1
4_p10_E02	anc	HAMBI_1896	0.1
4_p10_E02	evo	HAMBI_1977	0.7
4_p10_E03	anc	HAMBI_0403	0.1
4_p10_E03	anc	HAMBI_1287	0.1
4_p10_E03	evo	HAMBI_1896	0.1
4_p10_E03	anc	HAMBI_1977	0.7
4_p10_E04	anc	HAMBI_0403	0.1
4_p10_E04	anc	HAMBI_1287	0.1
4_p10_E04	evo	HAMBI_1896	0.1
4_p10_E04	evo	HAMBI_1977	0.7
4_p10_E05	anc	HAMBI_0403	0.1
4_p10_E05	anc	HAMBI_1287	0.1
4_p10_E05	anc	HAMBI_1896	0.7
4_p10_E05	anc	HAMBI_1977	0.1
4_p10_E06	anc	HAMBI_0403	0.1
4_p10_E06	anc	HAMBI_1287	0.1
4_p10_E06	anc	HAMBI_1896	0.7
4_p10_E06	evo	HAMBI_1977	0.1
4_p10_E07	anc	HAMBI_0403	0.1
4_p10_E07	anc	HAMBI_1287	0.1
4_p10_E07	evo	HAMBI_1896	0.7
4_p10_E07	anc	HAMBI_1977	0.1
4_p10_E08	anc	HAMBI_0403	0.1
4_p10_E08	anc	HAMBI_1287	0.1
4_p10_E08	evo	HAMBI_1896	0.7
4_p10_E08	evo	HAMBI_1977	0.1
4_p10_E09	anc	HAMBI_0403	0.1
4_p10_E09	evo	HAMBI_1287	0.1
4_p10_E09	anc	HAMBI_1896	0.1
4_p10_E09	anc	HAMBI_1977	0.7
4_p10_E10	anc	HAMBI_0403	0.1
4_p10_E10	evo	HAMBI_1287	0.1
4_p10_E10	anc	HAMBI_1896	0.1
4_p10_E10	evo	HAMBI_1977	0.7
4_p10_E11	anc	HAMBI_0403	0.1
4_p10_E11	evo	HAMBI_1287	0.1
4_p10_E11	evo	HAMBI_1896	0.1
4_p10_E11	anc	HAMBI_1977	0.7
4_p10_E12	anc	HAMBI_0403	0.1
4_p10_E12	evo	HAMBI_1287	0.1
4_p10_E12	evo	HAMBI_1896	0.1
4_p10_E12	evo	HAMBI_1977	0.7
4_p10_F01	evo	HAMBI_0403	0.1
4_p10_F01	anc	HAMBI_1287	0.1
4_p10_F01	anc	HAMBI_1896	0.1
4_p10_F01	anc	HAMBI_1977	0.7
4_p10_F02	evo	HAMBI_0403	0.1
4_p10_F02	anc	HAMBI_1287	0.1
4_p10_F02	anc	HAMBI_1896	0.1
4_p10_F02	evo	HAMBI_1977	0.7
4_p10_F03	evo	HAMBI_0403	0.1
4_p10_F03	anc	HAMBI_1287	0.1
4_p10_F03	evo	HAMBI_1896	0.1
4_p10_F03	anc	HAMBI_1977	0.7
4_p10_F04	evo	HAMBI_0403	0.1
4_p10_F04	anc	HAMBI_1287	0.1
4_p10_F04	evo	HAMBI_1896	0.1
4_p10_F04	evo	HAMBI_1977	0.7
4_p10_F05	evo	HAMBI_0403	0.1
4_p10_F05	anc	HAMBI_1287	0.1
4_p10_F05	anc	HAMBI_1896	0.7
4_p10_F05	anc	HAMBI_1977	0.1
4_p10_F06	evo	HAMBI_0403	0.1
4_p10_F06	anc	HAMBI_1287	0.1
4_p10_F06	anc	HAMBI_1896	0.7
4_p10_F06	evo	HAMBI_1977	0.1
4_p10_F07	evo	HAMBI_0403	0.1
4_p10_F07	anc	HAMBI_1287	0.1
4_p10_F07	evo	HAMBI_1896	0.7
4_p10_F07	anc	HAMBI_1977	0.1
4_p10_F08	evo	HAMBI_0403	0.1
4_p10_F08	anc	HAMBI_1287	0.1
4_p10_F08	evo	HAMBI_1896	0.7
4_p10_F08	evo	HAMBI_1977	0.1
4_p10_F09	evo	HAMBI_0403	0.1
4_p10_F09	evo	HAMBI_1287	0.1
4_p10_F09	anc	HAMBI_1896	0.1
4_p10_F09	anc	HAMBI_1977	0.7
4_p10_F10	evo	HAMBI_0403	0.1
4_p10_F10	evo	HAMBI_1287	0.1
4_p10_F10	anc	HAMBI_1896	0.1
4_p10_F10	evo	HAMBI_1977	0.7
4_p10_F11	evo	HAMBI_0403	0.1
4_p10_F11	evo	HAMBI_1287	0.1
4_p10_F11	evo	HAMBI_1896	0.1
4_p10_F11	anc	HAMBI_1977	0.7
4_p10_F12	evo	HAMBI_0403	0.1
4_p10_F12	evo	HAMBI_1287	0.1
4_p10_F12	evo	HAMBI_1896	0.1
4_p10_F12	evo	HAMBI_1977	0.7
4_p10_G01			
4_p10_G01			
4_p10_G01			
4_p10_G01			
4_p10_G02			
4_p10_G02			
4_p10_G02			
4_p10_G02			
4_p10_G03			
4_p10_G03			
4_p10_G03			
4_p10_G03			
4_p10_G04			
4_p10_G04			
4_p10_G04			
4_p10_G04			
4_p10_G05			
4_p10_G05			
4_p10_G05			
4_p10_G05			
4_p10_G06			
4_p10_G06			
4_p10_G06			
4_p10_G06			
4_p10_G07			
4_p10_G07			
4_p10_G07			
4_p10_G07			
4_p10_G08			
4_p10_G08			
4_p10_G08			
4_p10_G08			
4_p10_G09			
4_p10_G09			
4_p10_G09			
4_p10_G09			
4_p10_G10			
4_p10_G10			
4_p10_G10			
4_p10_G10			
4_p10_G11			
4_p10_G11			
4_p10_G11			
4_p10_G11			
4_p10_G12			
4_p10_G12			
4_p10_G12			
4_p10_G12			
4_p10_H01			
4_p10_H01			
4_p10_H01			
4_p10_H01			
4_p10_H02			
4_p10_H02			
4_p10_H02			
4_p10_H02			
4_p10_H03			
4_p10_H03			
4_p10_H03			
4_p10_H03			
4_p10_H04			
4_p10_H04			
4_p10_H04			
4_p10_H04			
4_p10_H05			
4_p10_H05			
4_p10_H05			
4_p10_H05			
4_p10_H06			
4_p10_H06			
4_p10_H06			
4_p10_H06			
4_p10_H07			
4_p10_H07			
4_p10_H07			
4_p10_H07			
4_p10_H08			
4_p10_H08			
4_p10_H08			
4_p10_H08			
4_p10_H09			
4_p10_H09			
4_p10_H09			
4_p10_H09			
4_p10_H10			
4_p10_H10			
4_p10_H10			
4_p10_H10			
4_p10_H11			
4_p10_H11			
4_p10_H11			
4_p10_H11			
4_p10_H12			
4_p10_H12			
4_p10_H12			
4_p10_H12			
3m_p17_A01	anc	HAMBI_0403	0.1
3m_p17_A01	anc	HAMBI_1287	0.1
3m_p17_A01	anc	HAMBI_1896	0.8
3m_p17_A02	anc	HAMBI_0403	0.1
3m_p17_A02	anc	HAMBI_1287	0.1
3m_p17_A02	anc	HAMBI_1977	0.8
3m_p17_A03	anc	HAMBI_0403	0.1
3m_p17_A03	anc	HAMBI_1287	0.1
3m_p17_A03	evo	HAMBI_1896	0.8
3m_p17_A04	anc	HAMBI_0403	0.1
3m_p17_A04	anc	HAMBI_1287	0.1
3m_p17_A04	evo	HAMBI_1977	0.8
3m_p17_A05	anc	HAMBI_0403	0.1
3m_p17_A05	anc	HAMBI_1287	0.8
3m_p17_A05	anc	HAMBI_1896	0.1
3m_p17_A06	anc	HAMBI_0403	0.1
3m_p17_A06	anc	HAMBI_1287	0.8
3m_p17_A06	anc	HAMBI_1977	0.1
3m_p17_A07	anc	HAMBI_0403	0.1
3m_p17_A07	anc	HAMBI_1287	0.8
3m_p17_A07	evo	HAMBI_1896	0.1
3m_p17_A08	anc	HAMBI_0403	0.1
3m_p17_A08	anc	HAMBI_1287	0.8
3m_p17_A08	evo	HAMBI_1977	0.1
3m_p17_A09	anc	HAMBI_0403	0.1
3m_p17_A09	anc	HAMBI_1977	0.1
3m_p17_A09	anc	HAMBI_1896	0.8
3m_p17_A10	anc	HAMBI_0403	0.1
3m_p17_A10	anc	HAMBI_1977	0.1
3m_p17_A10	evo	HAMBI_1896	0.8
3m_p17_A11	anc	HAMBI_0403	0.1
3m_p17_A11	anc	HAMBI_1977	0.8
3m_p17_A11	anc	HAMBI_1896	0.1
3m_p17_A12	anc	HAMBI_0403	0.1
3m_p17_A12	anc	HAMBI_1977	0.8
3m_p17_A12	evo	HAMBI_1896	0.1
3m_p17_C01	anc	HAMBI_0403	0.1
3m_p17_C01	evo	HAMBI_1287	0.1
3m_p17_C01	anc	HAMBI_1896	0.8
3m_p17_C02	anc	HAMBI_0403	0.1
3m_p17_C02	evo	HAMBI_1287	0.1
3m_p17_C02	anc	HAMBI_1977	0.8
3m_p17_C03	anc	HAMBI_0403	0.1
3m_p17_C03	evo	HAMBI_1287	0.1
3m_p17_C03	evo	HAMBI_1896	0.8
3m_p17_C04	anc	HAMBI_0403	0.1
3m_p17_C04	evo	HAMBI_1287	0.1
3m_p17_C04	evo	HAMBI_1977	0.8
3m_p17_C05	anc	HAMBI_0403	0.1
3m_p17_C05	evo	HAMBI_1287	0.8
3m_p17_C05	anc	HAMBI_1896	0.1
3m_p17_C06	anc	HAMBI_0403	0.1
3m_p17_C06	evo	HAMBI_1287	0.8
3m_p17_C06	anc	HAMBI_1977	0.1
3m_p17_C07	anc	HAMBI_0403	0.1
3m_p17_C07	evo	HAMBI_1287	0.8
3m_p17_C07	evo	HAMBI_1896	0.1
3m_p17_C08	anc	HAMBI_0403	0.1
3m_p17_C08	evo	HAMBI_1287	0.8
3m_p17_C08	evo	HAMBI_1977	0.1
3m_p17_C09	anc	HAMBI_0403	0.1
3m_p17_C09	evo	HAMBI_1977	0.1
3m_p17_C09	anc	HAMBI_1896	0.8
3m_p17_C10	anc	HAMBI_0403	0.1
3m_p17_C10	evo	HAMBI_1977	0.1
3m_p17_C10	evo	HAMBI_1896	0.8
3m_p17_C11	anc	HAMBI_0403	0.1
3m_p17_C11	evo	HAMBI_1977	0.8
3m_p17_C11	anc	HAMBI_1896	0.1
3m_p17_C12	anc	HAMBI_0403	0.1
3m_p17_C12	evo	HAMBI_1977	0.8
3m_p17_C12	evo	HAMBI_1896	0.1
3m_p17_E01	anc	HAMBI_0403	0.8
3m_p17_E01	anc	HAMBI_1287	0.1
3m_p17_E01	anc	HAMBI_1896	0.1
3m_p17_E02	anc	HAMBI_0403	0.8
3m_p17_E02	anc	HAMBI_1287	0.1
3m_p17_E02	anc	HAMBI_1977	0.1
3m_p17_E03	anc	HAMBI_0403	0.8
3m_p17_E03	anc	HAMBI_1287	0.1
3m_p17_E03	evo	HAMBI_1896	0.1
3m_p17_E04	anc	HAMBI_0403	0.8
3m_p17_E04	anc	HAMBI_1287	0.1
3m_p17_E04	evo	HAMBI_1977	0.1
3m_p17_E05	anc	HAMBI_0403	0.8
3m_p17_E05	anc	HAMBI_1977	0.1
3m_p17_E05	anc	HAMBI_1896	0.1
3m_p17_E06	anc	HAMBI_0403	0.8
3m_p17_E06	anc	HAMBI_1977	0.1
3m_p17_E06	evo	HAMBI_1896	0.1
3m_p17_E07	anc	HAMBI_0403	0.8
3m_p17_E07	evo	HAMBI_1287	0.1
3m_p17_E07	anc	HAMBI_1896	0.1
3m_p17_E08	anc	HAMBI_0403	0.8
3m_p17_E08	evo	HAMBI_1287	0.1
3m_p17_E08	anc	HAMBI_1977	0.1
3m_p17_E09	anc	HAMBI_0403	0.8
3m_p17_E09	evo	HAMBI_1287	0.1
3m_p17_E09	evo	HAMBI_1896	0.1
3m_p17_E10	anc	HAMBI_0403	0.8
3m_p17_E10	evo	HAMBI_1287	0.1
3m_p17_E10	evo	HAMBI_1977	0.1
3m_p17_E11	anc	HAMBI_0403	0.8
3m_p17_E11	evo	HAMBI_1977	0.1
3m_p17_E11	anc	HAMBI_1896	0.1
3m_p17_E12	anc	HAMBI_0403	0.8
3m_p17_E12	evo	HAMBI_1977	0.1
3m_p17_E12	evo	HAMBI_1896	0.1
3m_p17_G01	anc	HAMBI_1287	0.1
3m_p17_G01	anc	HAMBI_1977	0.1
3m_p17_G01	anc	HAMBI_1896	0.8
3m_p17_G02	anc	HAMBI_1287	0.1
3m_p17_G02	anc	HAMBI_1977	0.1
3m_p17_G02	evo	HAMBI_1896	0.8
3m_p17_G03	anc	HAMBI_1287	0.1
3m_p17_G03	anc	HAMBI_1977	0.8
3m_p17_G03	anc	HAMBI_1896	0.1
3m_p17_G04	anc	HAMBI_1287	0.1
3m_p17_G04	anc	HAMBI_1977	0.8
3m_p17_G04	evo	HAMBI_1896	0.1
3m_p17_G05	anc	HAMBI_1287	0.1
3m_p17_G05	evo	HAMBI_1977	0.1
3m_p17_G05	anc	HAMBI_1896	0.8
3m_p17_G06	anc	HAMBI_1287	0.1
3m_p17_G06	evo	HAMBI_1977	0.1
3m_p17_G06	evo	HAMBI_1896	0.8
3m_p17_G07	anc	HAMBI_1287	0.1
3m_p17_G07	evo	HAMBI_1977	0.8
3m_p17_G07	anc	HAMBI_1896	0.1
3m_p17_G08	anc	HAMBI_1287	0.1
3m_p17_G08	evo	HAMBI_1977	0.8
3m_p17_G08	evo	HAMBI_1896	0.1
3m_p17_G09	anc	HAMBI_1287	0.8
3m_p17_G09	anc	HAMBI_1977	0.1
3m_p17_G09	anc	HAMBI_1896	0.1
3m_p17_G10	anc	HAMBI_1287	0.8
3m_p17_G10	anc	HAMBI_1977	0.1
3m_p17_G10	evo	HAMBI_1896	0.1
3m_p17_G11	anc	HAMBI_1287	0.8
3m_p17_G11	evo	HAMBI_1977	0.1
3m_p17_G11	anc	HAMBI_1896	0.1
3m_p17_G12	anc	HAMBI_1287	0.8
3m_p17_G12	evo	HAMBI_1977	0.1
3m_p17_G12	evo	HAMBI_1896	0.1
3m_p17_B01	evo	HAMBI_0403	0.1
3m_p17_B01	anc	HAMBI_1287	0.1
3m_p17_B01	anc	HAMBI_1896	0.8
3m_p17_B02	evo	HAMBI_0403	0.1
3m_p17_B02	anc	HAMBI_1287	0.1
3m_p17_B02	anc	HAMBI_1977	0.8
3m_p17_B03	evo	HAMBI_0403	0.1
3m_p17_B03	anc	HAMBI_1287	0.1
3m_p17_B03	evo	HAMBI_1896	0.8
3m_p17_B04	evo	HAMBI_0403	0.1
3m_p17_B04	anc	HAMBI_1287	0.1
3m_p17_B04	evo	HAMBI_1977	0.8
3m_p17_B05	evo	HAMBI_0403	0.1
3m_p17_B05	anc	HAMBI_1287	0.8
3m_p17_B05	anc	HAMBI_1896	0.1
3m_p17_B06	evo	HAMBI_0403	0.1
3m_p17_B06	anc	HAMBI_1287	0.8
3m_p17_B06	anc	HAMBI_1977	0.1
3m_p17_B07	evo	HAMBI_0403	0.1
3m_p17_B07	anc	HAMBI_1287	0.8
3m_p17_B07	evo	HAMBI_1896	0.1
3m_p17_B08	evo	HAMBI_0403	0.1
3m_p17_B08	anc	HAMBI_1287	0.8
3m_p17_B08	evo	HAMBI_1977	0.1
3m_p17_B09	evo	HAMBI_0403	0.1
3m_p17_B09	anc	HAMBI_1977	0.1
3m_p17_B09	anc	HAMBI_1896	0.8
3m_p17_B10	evo	HAMBI_0403	0.1
3m_p17_B10	anc	HAMBI_1977	0.1
3m_p17_B10	evo	HAMBI_1896	0.8
3m_p17_B11	evo	HAMBI_0403	0.1
3m_p17_B11	anc	HAMBI_1977	0.8
3m_p17_B11	anc	HAMBI_1896	0.1
3m_p17_B12	evo	HAMBI_0403	0.1
3m_p17_B12	anc	HAMBI_1977	0.8
3m_p17_B12	evo	HAMBI_1896	0.1
3m_p17_D01	evo	HAMBI_0403	0.1
3m_p17_D01	evo	HAMBI_1287	0.1
3m_p17_D01	anc	HAMBI_1896	0.8
3m_p17_D02	evo	HAMBI_0403	0.1
3m_p17_D02	evo	HAMBI_1287	0.1
3m_p17_D02	anc	HAMBI_1977	0.8
3m_p17_D03	evo	HAMBI_0403	0.1
3m_p17_D03	evo	HAMBI_1287	0.1
3m_p17_D03	evo	HAMBI_1896	0.8
3m_p17_D04	evo	HAMBI_0403	0.1
3m_p17_D04	evo	HAMBI_1287	0.1
3m_p17_D04	evo	HAMBI_1977	0.8
3m_p17_D05	evo	HAMBI_0403	0.1
3m_p17_D05	evo	HAMBI_1287	0.8
3m_p17_D05	anc	HAMBI_1896	0.1
3m_p17_D06	evo	HAMBI_0403	0.1
3m_p17_D06	evo	HAMBI_1287	0.8
3m_p17_D06	anc	HAMBI_1977	0.1
3m_p17_D07	evo	HAMBI_0403	0.1
3m_p17_D07	evo	HAMBI_1287	0.8
3m_p17_D07	evo	HAMBI_1896	0.1
3m_p17_D08	evo	HAMBI_0403	0.1
3m_p17_D08	evo	HAMBI_1287	0.8
3m_p17_D08	evo	HAMBI_1977	0.1
3m_p17_D09	evo	HAMBI_0403	0.1
3m_p17_D09	evo	HAMBI_1977	0.1
3m_p17_D09	anc	HAMBI_1896	0.8
3m_p17_D10	evo	HAMBI_0403	0.1
3m_p17_D10	evo	HAMBI_1977	0.1
3m_p17_D10	evo	HAMBI_1896	0.8
3m_p17_D11	evo	HAMBI_0403	0.1
3m_p17_D11	evo	HAMBI_1977	0.8
3m_p17_D11	anc	HAMBI_1896	0.1
3m_p17_D12	evo	HAMBI_0403	0.1
3m_p17_D12	evo	HAMBI_1977	0.8
3m_p17_D12	evo	HAMBI_1896	0.1
3m_p17_F01	evo	HAMBI_0403	0.8
3m_p17_F01	anc	HAMBI_1287	0.1
3m_p17_F01	anc	HAMBI_1896	0.1
3m_p17_F02	evo	HAMBI_0403	0.8
3m_p17_F02	anc	HAMBI_1287	0.1
3m_p17_F02	anc	HAMBI_1977	0.1
3m_p17_F03	evo	HAMBI_0403	0.8
3m_p17_F03	anc	HAMBI_1287	0.1
3m_p17_F03	evo	HAMBI_1896	0.1
3m_p17_F04	evo	HAMBI_0403	0.8
3m_p17_F04	anc	HAMBI_1287	0.1
3m_p17_F04	evo	HAMBI_1977	0.1
3m_p17_F05	evo	HAMBI_0403	0.8
3m_p17_F05	anc	HAMBI_1977	0.1
3m_p17_F05	anc	HAMBI_1896	0.1
3m_p17_F06	evo	HAMBI_0403	0.8
3m_p17_F06	anc	HAMBI_1977	0.1
3m_p17_F06	evo	HAMBI_1896	0.1
3m_p17_F07	evo	HAMBI_0403	0.8
3m_p17_F07	evo	HAMBI_1287	0.1
3m_p17_F07	anc	HAMBI_1896	0.1
3m_p17_F08	evo	HAMBI_0403	0.8
3m_p17_F08	evo	HAMBI_1287	0.1
3m_p17_F08	anc	HAMBI_1977	0.1
3m_p17_F09	evo	HAMBI_0403	0.8
3m_p17_F09	evo	HAMBI_1287	0.1
3m_p17_F09	evo	HAMBI_1896	0.1
3m_p17_F10	evo	HAMBI_0403	0.8
3m_p17_F10	evo	HAMBI_1287	0.1
3m_p17_F10	evo	HAMBI_1977	0.1
3m_p17_F11	evo	HAMBI_0403	0.8
3m_p17_F11	evo	HAMBI_1977	0.1
3m_p17_F11	anc	HAMBI_1896	0.1
3m_p17_F12	evo	HAMBI_0403	0.8
3m_p17_F12	evo	HAMBI_1977	0.1
3m_p17_F12	evo	HAMBI_1896	0.1
3m_p17_H01	evo	HAMBI_1287	0.1
3m_p17_H01	anc	HAMBI_1977	0.1
3m_p17_H01	anc	HAMBI_1896	0.8
3m_p17_H02	evo	HAMBI_1287	0.1
3m_p17_H02	anc	HAMBI_1977	0.1
3m_p17_H02	evo	HAMBI_1896	0.8
3m_p17_H03	evo	HAMBI_1287	0.1
3m_p17_H03	anc	HAMBI_1977	0.8
3m_p17_H03	anc	HAMBI_1896	0.1
3m_p17_H04	evo	HAMBI_1287	0.1
3m_p17_H04	anc	HAMBI_1977	0.8
3m_p17_H04	evo	HAMBI_1896	0.1
3m_p17_H05	evo	HAMBI_1287	0.1
3m_p17_H05	evo	HAMBI_1977	0.1
3m_p17_H05	anc	HAMBI_1896	0.8
3m_p17_H06	evo	HAMBI_1287	0.1
3m_p17_H06	evo	HAMBI_1977	0.1
3m_p17_H06	evo	HAMBI_1896	0.8
3m_p17_H07	evo	HAMBI_1287	0.1
3m_p17_H07	evo	HAMBI_1977	0.8
3m_p17_H07	anc	HAMBI_1896	0.1
3m_p17_H08	evo	HAMBI_1287	0.1
3m_p17_H08	evo	HAMBI_1977	0.8
3m_p17_H08	evo	HAMBI_1896	0.1
3m_p17_H09	evo	HAMBI_1287	0.8
3m_p17_H09	anc	HAMBI_1977	0.1
3m_p17_H09	anc	HAMBI_1896	0.1
3m_p17_H10	evo	HAMBI_1287	0.8
3m_p17_H10	anc	HAMBI_1977	0.1
3m_p17_H10	evo	HAMBI_1896	0.1
3m_p17_H11	evo	HAMBI_1287	0.8
3m_p17_H11	evo	HAMBI_1977	0.1
3m_p17_H11	anc	HAMBI_1896	0.1
3m_p17_H12	evo	HAMBI_1287	0.8
3m_p17_H12	evo	HAMBI_1977	0.1
3m_p17_H12	evo	HAMBI_1896	0.1
4m_p18_A05	anc	HAMBI_0403	0.7
4m_p18_A05	anc	HAMBI_1287	0.1
4m_p18_A05	anc	HAMBI_1896	0.1
4m_p18_A05	anc	HAMBI_1977	0.1
4m_p18_A06	anc	HAMBI_0403	0.7
4m_p18_A06	anc	HAMBI_1287	0.1
4m_p18_A06	anc	HAMBI_1896	0.1
4m_p18_A06	evo	HAMBI_1977	0.1
4m_p18_A07	anc	HAMBI_0403	0.7
4m_p18_A07	anc	HAMBI_1287	0.1
4m_p18_A07	evo	HAMBI_1896	0.1
4m_p18_A07	anc	HAMBI_1977	0.1
4m_p18_A08	anc	HAMBI_0403	0.7
4m_p18_A08	anc	HAMBI_1287	0.1
4m_p18_A08	evo	HAMBI_1896	0.1
4m_p18_A08	evo	HAMBI_1977	0.1
4m_p18_A09	anc	HAMBI_0403	0.7
4m_p18_A09	evo	HAMBI_1287	0.1
4m_p18_A09	anc	HAMBI_1896	0.1
4m_p18_A09	anc	HAMBI_1977	0.1
4m_p18_A10	anc	HAMBI_0403	0.7
4m_p18_A10	evo	HAMBI_1287	0.1
4m_p18_A10	anc	HAMBI_1896	0.1
4m_p18_A10	evo	HAMBI_1977	0.1
4m_p18_A11	anc	HAMBI_0403	0.7
4m_p18_A11	evo	HAMBI_1287	0.1
4m_p18_A11	evo	HAMBI_1896	0.1
4m_p18_A11	anc	HAMBI_1977	0.1
4m_p18_A12	anc	HAMBI_0403	0.7
4m_p18_A12	evo	HAMBI_1287	0.1
4m_p18_A12	evo	HAMBI_1896	0.1
4m_p18_A12	evo	HAMBI_1977	0.1
4m_p18_B05	evo	HAMBI_0403	0.7
4m_p18_B05	anc	HAMBI_1287	0.1
4m_p18_B05	anc	HAMBI_1896	0.1
4m_p18_B05	anc	HAMBI_1977	0.1
4m_p18_B06	evo	HAMBI_0403	0.7
4m_p18_B06	anc	HAMBI_1287	0.1
4m_p18_B06	anc	HAMBI_1896	0.1
4m_p18_B06	evo	HAMBI_1977	0.1
4m_p18_B07	evo	HAMBI_0403	0.7
4m_p18_B07	anc	HAMBI_1287	0.1
4m_p18_B07	evo	HAMBI_1896	0.1
4m_p18_B07	anc	HAMBI_1977	0.1
4m_p18_B08	evo	HAMBI_0403	0.7
4m_p18_B08	anc	HAMBI_1287	0.1
4m_p18_B08	evo	HAMBI_1896	0.1
4m_p18_B08	evo	HAMBI_1977	0.1
4m_p18_B09	evo	HAMBI_0403	0.7
4m_p18_B09	evo	HAMBI_1287	0.1
4m_p18_B09	anc	HAMBI_1896	0.1
4m_p18_B09	anc	HAMBI_1977	0.1
4m_p18_B10	evo	HAMBI_0403	0.7
4m_p18_B10	evo	HAMBI_1287	0.1
4m_p18_B10	anc	HAMBI_1896	0.1
4m_p18_B10	evo	HAMBI_1977	0.1
4m_p18_B11	evo	HAMBI_0403	0.7
4m_p18_B11	evo	HAMBI_1287	0.1
4m_p18_B11	evo	HAMBI_1896	0.1
4m_p18_B11	anc	HAMBI_1977	0.1
4m_p18_B12	evo	HAMBI_0403	0.7
4m_p18_B12	evo	HAMBI_1287	0.1
4m_p18_B12	evo	HAMBI_1896	0.1
4m_p18_B12	evo	HAMBI_1977	0.1
4m_p18_C01	anc	HAMBI_0403	0.1
4m_p18_C01	evo	HAMBI_1287	0.1
4m_p18_C01	anc	HAMBI_1896	0.7
4m_p18_C01	anc	HAMBI_1977	0.1
4m_p18_C02	anc	HAMBI_0403	0.1
4m_p18_C02	evo	HAMBI_1287	0.1
4m_p18_C02	anc	HAMBI_1896	0.7
4m_p18_C02	evo	HAMBI_1977	0.1
4m_p18_C03	anc	HAMBI_0403	0.1
4m_p18_C03	evo	HAMBI_1287	0.1
4m_p18_C03	evo	HAMBI_1896	0.7
4m_p18_C03	anc	HAMBI_1977	0.1
4m_p18_C04	anc	HAMBI_0403	0.1
4m_p18_C04	evo	HAMBI_1287	0.1
4m_p18_C04	evo	HAMBI_1896	0.7
4m_p18_C04	evo	HAMBI_1977	0.1
4m_p18_C05	anc	HAMBI_0403	0.1
4m_p18_C05	anc	HAMBI_1287	0.7
4m_p18_C05	anc	HAMBI_1896	0.1
4m_p18_C05	anc	HAMBI_1977	0.1
4m_p18_C06	anc	HAMBI_0403	0.1
4m_p18_C06	anc	HAMBI_1287	0.7
4m_p18_C06	anc	HAMBI_1896	0.1
4m_p18_C06	evo	HAMBI_1977	0.1
4m_p18_C07	anc	HAMBI_0403	0.1
4m_p18_C07	anc	HAMBI_1287	0.7
4m_p18_C07	evo	HAMBI_1896	0.1
4m_p18_C07	anc	HAMBI_1977	0.1
4m_p18_C08	anc	HAMBI_0403	0.1
4m_p18_C08	anc	HAMBI_1287	0.7
4m_p18_C08	evo	HAMBI_1896	0.1
4m_p18_C08	evo	HAMBI_1977	0.1
4m_p18_C09	anc	HAMBI_0403	0.1
4m_p18_C09	evo	HAMBI_1287	0.7
4m_p18_C09	anc	HAMBI_1896	0.1
4m_p18_C09	anc	HAMBI_1977	0.1
4m_p18_C10	anc	HAMBI_0403	0.1
4m_p18_C10	evo	HAMBI_1287	0.7
4m_p18_C10	anc	HAMBI_1896	0.1
4m_p18_C10	evo	HAMBI_1977	0.1
4m_p18_C11	anc	HAMBI_0403	0.1
4m_p18_C11	evo	HAMBI_1287	0.7
4m_p18_C11	evo	HAMBI_1896	0.1
4m_p18_C11	anc	HAMBI_1977	0.1
4m_p18_C12	anc	HAMBI_0403	0.1
4m_p18_C12	evo	HAMBI_1287	0.7
4m_p18_C12	evo	HAMBI_1896	0.1
4m_p18_C12	evo	HAMBI_1977	0.1
4m_p18_D01	evo	HAMBI_0403	0.1
4m_p18_D01	evo	HAMBI_1287	0.1
4m_p18_D01	anc	HAMBI_1896	0.7
4m_p18_D01	anc	HAMBI_1977	0.1
4m_p18_D02	evo	HAMBI_0403	0.1
4m_p18_D02	evo	HAMBI_1287	0.1
4m_p18_D02	anc	HAMBI_1896	0.7
4m_p18_D02	evo	HAMBI_1977	0.1
4m_p18_D03	evo	HAMBI_0403	0.1
4m_p18_D03	evo	HAMBI_1287	0.1
4m_p18_D03	evo	HAMBI_1896	0.7
4m_p18_D03	anc	HAMBI_1977	0.1
4m_p18_D04	evo	HAMBI_0403	0.1
4m_p18_D04	evo	HAMBI_1287	0.1
4m_p18_D04	evo	HAMBI_1896	0.7
4m_p18_D04	evo	HAMBI_1977	0.1
4m_p18_D05	evo	HAMBI_0403	0.1
4m_p18_D05	anc	HAMBI_1287	0.7
4m_p18_D05	anc	HAMBI_1896	0.1
4m_p18_D05	anc	HAMBI_1977	0.1
4m_p18_D06	evo	HAMBI_0403	0.1
4m_p18_D06	anc	HAMBI_1287	0.7
4m_p18_D06	anc	HAMBI_1896	0.1
4m_p18_D06	evo	HAMBI_1977	0.1
4m_p18_D07	evo	HAMBI_0403	0.1
4m_p18_D07	anc	HAMBI_1287	0.7
4m_p18_D07	evo	HAMBI_1896	0.1
4m_p18_D07	anc	HAMBI_1977	0.1
4m_p18_D08	evo	HAMBI_0403	0.1
4m_p18_D08	anc	HAMBI_1287	0.7
4m_p18_D08	evo	HAMBI_1896	0.1
4m_p18_D08	evo	HAMBI_1977	0.1
4m_p18_D09	evo	HAMBI_0403	0.1
4m_p18_D09	evo	HAMBI_1287	0.7
4m_p18_D09	anc	HAMBI_1896	0.1
4m_p18_D09	anc	HAMBI_1977	0.1
4m_p18_D10	evo	HAMBI_0403	0.1
4m_p18_D10	evo	HAMBI_1287	0.7
4m_p18_D10	anc	HAMBI_1896	0.1
4m_p18_D10	evo	HAMBI_1977	0.1
4m_p18_D11	evo	HAMBI_0403	0.1
4m_p18_D11	evo	HAMBI_1287	0.7
4m_p18_D11	evo	HAMBI_1896	0.1
4m_p18_D11	anc	HAMBI_1977	0.1
4m_p18_D12	evo	HAMBI_0403	0.1
4m_p18_D12	evo	HAMBI_1287	0.7
4m_p18_D12	evo	HAMBI_1896	0.1
4m_p18_D12	evo	HAMBI_1977	0.1
4m_p18_E01	anc	HAMBI_0403	0.1
4m_p18_E01	anc	HAMBI_1287	0.1
4m_p18_E01	anc	HAMBI_1896	0.1
4m_p18_E01	anc	HAMBI_1977	0.7
4m_p18_E02	anc	HAMBI_0403	0.1
4m_p18_E02	anc	HAMBI_1287	0.1
4m_p18_E02	anc	HAMBI_1896	0.1
4m_p18_E02	evo	HAMBI_1977	0.7
4m_p18_E03	anc	HAMBI_0403	0.1
4m_p18_E03	anc	HAMBI_1287	0.1
4m_p18_E03	evo	HAMBI_1896	0.1
4m_p18_E03	anc	HAMBI_1977	0.7
4m_p18_E04	anc	HAMBI_0403	0.1
4m_p18_E04	anc	HAMBI_1287	0.1
4m_p18_E04	evo	HAMBI_1896	0.1
4m_p18_E04	evo	HAMBI_1977	0.7
4m_p18_E05	anc	HAMBI_0403	0.1
4m_p18_E05	anc	HAMBI_1287	0.1
4m_p18_E05	anc	HAMBI_1896	0.7
4m_p18_E05	anc	HAMBI_1977	0.1
4m_p18_E06	anc	HAMBI_0403	0.1
4m_p18_E06	anc	HAMBI_1287	0.1
4m_p18_E06	anc	HAMBI_1896	0.7
4m_p18_E06	evo	HAMBI_1977	0.1
4m_p18_E07	anc	HAMBI_0403	0.1
4m_p18_E07	anc	HAMBI_1287	0.1
4m_p18_E07	evo	HAMBI_1896	0.7
4m_p18_E07	anc	HAMBI_1977	0.1
4m_p18_E08	anc	HAMBI_0403	0.1
4m_p18_E08	anc	HAMBI_1287	0.1
4m_p18_E08	evo	HAMBI_1896	0.7
4m_p18_E08	evo	HAMBI_1977	0.1
4m_p18_E09	anc	HAMBI_0403	0.1
4m_p18_E09	evo	HAMBI_1287	0.1
4m_p18_E09	anc	HAMBI_1896	0.1
4m_p18_E09	anc	HAMBI_1977	0.7
4m_p18_E10	anc	HAMBI_0403	0.1
4m_p18_E10	evo	HAMBI_1287	0.1
4m_p18_E10	anc	HAMBI_1896	0.1
4m_p18_E10	evo	HAMBI_1977	0.7
4m_p18_E11	anc	HAMBI_0403	0.1
4m_p18_E11	evo	HAMBI_1287	0.1
4m_p18_E11	evo	HAMBI_1896	0.1
4m_p18_E11	anc	HAMBI_1977	0.7
4m_p18_E12	anc	HAMBI_0403	0.1
4m_p18_E12	evo	HAMBI_1287	0.1
4m_p18_E12	evo	HAMBI_1896	0.1
4m_p18_E12	evo	HAMBI_1977	0.7
4m_p18_F01	evo	HAMBI_0403	0.1
4m_p18_F01	anc	HAMBI_1287	0.1
4m_p18_F01	anc	HAMBI_1896	0.1
4m_p18_F01	anc	HAMBI_1977	0.7
4m_p18_F02	evo	HAMBI_0403	0.1
4m_p18_F02	anc	HAMBI_1287	0.1
4m_p18_F02	anc	HAMBI_1896	0.1
4m_p18_F02	evo	HAMBI_1977	0.7
4m_p18_F03	evo	HAMBI_0403	0.1
4m_p18_F03	anc	HAMBI_1287	0.1
4m_p18_F03	evo	HAMBI_1896	0.1
4m_p18_F03	anc	HAMBI_1977	0.7
4m_p18_F04	evo	HAMBI_0403	0.1
4m_p18_F04	anc	HAMBI_1287	0.1
4m_p18_F04	evo	HAMBI_1896	0.1
4m_p18_F04	evo	HAMBI_1977	0.7
4m_p18_F05	evo	HAMBI_0403	0.1
4m_p18_F05	anc	HAMBI_1287	0.1
4m_p18_F05	anc	HAMBI_1896	0.7
4m_p18_F05	anc	HAMBI_1977	0.1
4m_p18_F06	evo	HAMBI_0403	0.1
4m_p18_F06	anc	HAMBI_1287	0.1
4m_p18_F06	anc	HAMBI_1896	0.7
4m_p18_F06	evo	HAMBI_1977	0.1
4m_p18_F07	evo	HAMBI_0403	0.1
4m_p18_F07	anc	HAMBI_1287	0.1
4m_p18_F07	evo	HAMBI_1896	0.7
4m_p18_F07	anc	HAMBI_1977	0.1
4m_p18_F08	evo	HAMBI_0403	0.1
4m_p18_F08	anc	HAMBI_1287	0.1
4m_p18_F08	evo	HAMBI_1896	0.7
4m_p18_F08	evo	HAMBI_1977	0.1
4m_p18_F09	evo	HAMBI_0403	0.1
4m_p18_F09	evo	HAMBI_1287	0.1
4m_p18_F09	anc	HAMBI_1896	0.1
4m_p18_F09	anc	HAMBI_1977	0.7
4m_p18_F10	evo	HAMBI_0403	0.1
4m_p18_F10	evo	HAMBI_1287	0.1
4m_p18_F10	anc	HAMBI_1896	0.1
4m_p18_F10	evo	HAMBI_1977	0.7
4m_p18_F11	evo	HAMBI_0403	0.1
4m_p18_F11	evo	HAMBI_1287	0.1
4m_p18_F11	evo	HAMBI_1896	0.1
4m_p18_F11	anc	HAMBI_1977	0.7
4m_p18_F12	evo	HAMBI_0403	0.1
4m_p18_F12	evo	HAMBI_1287	0.1
4m_p18_F12	evo	HAMBI_1896	0.1
4m_p18_F12	evo	HAMBI_1977	0.7
4m_p18_H01	anc	HAMBI_0403	0.9
4m_p18_H01	evo	HAMBI_1287	0.1
4m_p18_H02	evo	HAMBI_0403	0.9
4m_p18_H02	anc	HAMBI_1977	0.1
4m_p18_H03	evo	HAMBI_1287	0.9
4m_p18_H03	anc	HAMBI_1896	0.1
4m_p18_H04	evo	HAMBI_1287	0.9
4m_p18_H04	evo	HAMBI_1896	0.1
4m_p18_H05	evo	HAMBI_1287	0.1
4m_p18_H05	anc	HAMBI_1896	0.9
4m_p18_H06	evo	HAMBI_1287	0.1
4m_p18_H06	evo	HAMBI_1896	0.9
